{
    "q0": 0.210522,
    "q1": 0.12516,
    "q2": 0.092793,
    "q3": 0.208334,
    "q4": 0.071941,
    "q5": 0.048512,
    "q6": 0.984914,
    "q7": 0.08248,
    "q8": 0.025256,
    "q9": 0.058912,
    "q10": 0.102036,
    "q11": 0.17880500000000002,
    "q12": 0.062132,
    "q13": 0.424182,
    "q14": 0.055006,
    "q15": 0.140685,
    "q16": 0.068338,
    "q17": 0.066667,
    "q18": 1.775122,
    "q19": 0.177959,
    "q20": 40.224691,
    "q21": 1.025466,
    "q22": 1.9433150000000001,
    "q23": 0.154148,
    "q24": 98.475295,
    "q25": 0.343959,
    "q26": 0.06504900000000001,
    "q27": 0.409919,
    "q28": 9.801962999999999,
    "q29": 0.414485,
    "q30": 0.054487,
    "q31": 0.015587,
    "q32": 0.447367,
    "q33": 0.8312569999999999,
    "q34": 0.28388,
    "q35": 0.026545000000000003,
    "q36": 0.21054499999999998,
    "q37": 8.47143,
    "q38": 0.030448,
    "q39": 2.082177,
    "q40": 0.061862,
    "q41": 44.10259,
    "q42": 39.458864,
    "q43": 0.165079,
    "q44": 0.021962,
    "q45": 0.019694,
    "q46": 2.343317,
    "q47": 0.085882,
    "q48": 500.0,
    "q49": 12.866763,
    "q50": 1.5215619999999999,
    "q51": 0.16525,
    "q52": 0.049741,
    "q53": 0.061371,
    "q54": 0.267838,
    "q55": 0.069477,
    "q56": 0.44773399999999997,
    "q57": 0.04746,
    "q58": 173.853861,
    "q59": 14.753933000000002,
    "q60": 15.062059,
    "q61": 10.027745999999999,
    "q62": 0.5302039999999999,
    "q63": 0.266409,
    "q64": 4.054839,
    "q65": 0.816179,
    "q66": 0.304802,
    "q67": 0.836705,
    "q68": 0.092184,
    "q69": 0.605308,
    "q70": 0.192186,
    "q71": 0.107264,
    "q72": 0.278649,
    "q73": 0.378228,
    "q74": 1.04244,
    "q75": 1.430204,
    "q76": 0.156776,
    "q77": 0.140726,
    "q78": 0.981294,
    "q79": 0.256611,
    "q80": 0.163678,
    "q81": 0.497133,
    "q82": 0.086923,
    "q83": 0.319394,
    "q84": 0.21243399999999998,
    "q85": 2.032624,
    "q86": 0.5966849999999999,
    "q87": 5.283375,
    "q88": 3.807156,
    "q89": 0.200663,
    "q90": 0.196124,
    "q91": 0.355702,
    "q92": 0.406549,
    "q93": 0.5810960000000001,
    "q94": 1.561784,
    "q95": 23.783433000000002,
    "q96": 0.251579,
    "q97": 49.230681,
    "q98": 54.739247999999996,
    "q99": 0.536279,
    "q100": 0.393335,
    "q101": 0.534008,
    "q102": 0.464911,
    "q103": 2.0572399999999997,
    "q104": 2.0003699999999998,
    "q105": 4.479921,
    "q106": 0.19599100000000003,
    "q107": 0.20275200000000002,
    "q108": 0.290412,
    "q109": 0.41258100000000003,
    "q110": 500.0,
    "q111": 0.245107,
    "q112": 500.0,
    "q113": 13.964685,
    "q114": 0.687913,
    "q115": 0.087393,
    "q116": 396.746758,
    "q117": 0.158047,
    "q118": 0.21372300000000002,
    "q119": 0.28488600000000003,
    "q120": 0.111974,
    "q121": 2.9352150000000004,
    "q122": 0.050241,
    "q123": 2.028263,
    "q124": 30.257673999999998,
    "q125": 249.11853200000002,
    "q126": 45.439309,
    "q127": 0.065399,
    "q128": 2.199575,
    "q129": 0.5777129999999999,
    "q130": 10.732554,
    "q131": 30.34294,
    "q132": 31.448214,
    "q133": 14.570863,
    "q134": 3.110364,
    "q135": 0.323502,
    "q136": 0.5137419999999999,
    "sum": 2990.285469000001
}