{
    "q0": 1.658981,
    "q1": 0.030916,
    "q2": 0.938645,
    "q3": 0.069465,
    "q4": 0.939994,
    "q5": 0.008074999999999999,
    "q6": 8.315881,
    "q7": 0.020374,
    "q8": 0.054603,
    "q9": 0.004755,
    "q10": 0.038983,
    "q11": 0.008236,
    "q12": 0.014292,
    "q13": 0.159761,
    "q14": 25.03144,
    "q15": 0.011071,
    "q16": 0.07662000000000001,
    "q17": 0.17102699999999998,
    "q18": 0.008172,
    "q19": 229.362478,
    "q20": 0.024723,
    "q21": 0.077409,
    "q22": 0.037308999999999995,
    "q23": 0.022458,
    "q24": 0.01334,
    "q25": 1.079008,
    "q26": 3.967743,
    "q27": 0.10830100000000001,
    "q28": 0.013855000000000001,
    "q29": 0.11553100000000001,
    "q30": 0.01312,
    "q31": 0.046153,
    "q32": 0.207614,
    "q33": 0.317791,
    "q34": 0.008497,
    "q35": 0.061832,
    "q36": 0.039941000000000004,
    "q37": 0.047439999999999996,
    "q38": 0.010563000000000001,
    "q39": 0.106131,
    "q40": 0.006318,
    "q41": 0.139687,
    "q42": 0.078852,
    "q43": 0.193394,
    "q44": 144.717867,
    "q45": 1.346765,
    "q46": 0.025945,
    "q47": 152.770916,
    "q48": 0.031719000000000004,
    "q49": 0.00519,
    "q50": 0.058533999999999996,
    "q51": 0.004767,
    "q52": 0.024934,
    "q53": 0.12317,
    "q54": 0.019691,
    "q55": 0.06743,
    "q56": 0.031138000000000002,
    "q57": 0.004666,
    "q58": 0.568318,
    "q59": 0.023940000000000003,
    "q60": 0.039514,
    "q61": 0.026675,
    "q62": 3.0883339999999997,
    "q63": 0.007231,
    "q64": 0.025945,
    "q65": 27.64527,
    "q66": 0.019323,
    "q67": 4.086977,
    "q68": 0.21976099999999998,
    "q69": 0.13691499999999998,
    "q70": 0.061708,
    "q71": 0.030289,
    "q72": 0.793573,
    "q73": 0.004972000000000001,
    "q74": 0.038063,
    "q75": 0.08116,
    "q76": 154.410783,
    "q77": 0.033239,
    "q78": 0.094936,
    "q79": 0.0045309999999999994,
    "q80": 0.005091999999999999,
    "q81": 0.026376999999999998,
    "q82": 0.120047,
    "q83": 0.09215300000000001,
    "q84": 0.023812,
    "q85": 0.005226,
    "q86": 0.263181,
    "q87": 0.023164,
    "q88": 0.093375,
    "q89": 0.022843,
    "q90": 0.012901999999999999,
    "q91": 0.024086,
    "q92": 0.027219,
    "q93": 0.010117000000000001,
    "q94": 0.101128,
    "q95": 0.018541000000000002,
    "q96": 0.996163,
    "q97": 0.050991,
    "q98": 0.022614000000000002,
    "q99": 0.038659,
    "q100": 0.479945,
    "q101": 0.21334899999999998,
    "q102": 0.051459000000000005,
    "q103": 0.353253,
    "q104": 0.06299,
    "q105": 0.058831,
    "q106": 0.015519999999999999,
    "q107": 0.011401,
    "q108": 0.032305,
    "q109": 0.029108000000000002,
    "q110": 0.099245,
    "q111": 11.740817,
    "q112": 0.15739699999999998,
    "q113": 0.466473,
    "q114": 0.016679,
    "q115": 0.11261,
    "q116": 0.007543,
    "q117": 0.017633,
    "q118": 0.123471,
    "q119": 0.083376,
    "q120": 0.107999,
    "q121": 0.017034,
    "q122": 0.177611,
    "q123": 0.160311,
    "q124": 0.038823,
    "q125": 0.0042450000000000005,
    "q126": 0.244041,
    "q127": 0.050616999999999995,
    "q128": 0.016415,
    "q129": 0.259293,
    "q130": 0.05332,
    "q131": 0.1918,
    "q132": 0.086076,
    "q133": 0.064256,
    "q134": 0.56424,
    "q135": 0.004065,
    "q136": 0.16548,
    "q137": 0.25382499999999997,
    "q138": 0.35039800000000004,
    "q139": 0.225988,
    "q140": 12.138800999999999,
    "q141": 0.956744,
    "q142": 0.065307,
    "q143": 0.053443,
    "q144": 93.374855,
    "q145": 0.6005170000000001,
    "q146": 0.067152,
    "q147": 0.013307000000000001,
    "q148": 0.15881399999999998,
    "q149": 0.066326,
    "q150": 0.049018,
    "q151": 0.10093899999999999,
    "q152": 0.054329,
    "q153": 0.021035,
    "q154": 0.028635999999999998,
    "q155": 0.537779,
    "q156": 0.112564,
    "q157": 0.20561000000000001,
    "q158": 0.104052,
    "q159": 0.026939,
    "q160": 0.062332,
    "q161": 4.0404029999999995,
    "q162": 0.029286000000000003,
    "q163": 0.004817999999999999,
    "q164": 0.011507,
    "q165": 0.120911,
    "q166": 0.018931999999999997,
    "q167": 0.397205,
    "q168": 0.056235999999999994,
    "q169": 2.003732,
    "q170": 0.021803999999999997,
    "q171": 0.45803699999999997,
    "q172": 0.025050999999999997,
    "q173": 0.168035,
    "q174": 0.43171699999999996,
    "q175": 0.023923,
    "q176": 0.03539,
    "q177": 0.08608,
    "q178": 149.992331,
    "q179": 0.130878,
    "q180": 0.005211,
    "sum": 1050.3418859999997
}